country_iso3,quarter_start,gprh_raw_q
CHN,1900-01-01,12.0
CHN,1900-04-01,41.666666666666664
CHN,1900-07-01,158.0
CHN,1900-10-01,30.0
CHN,1901-01-01,28.0
CHN,1901-04-01,16.333333333333332
CHN,1901-07-01,15.0
CHN,1901-10-01,8.666666666666666
CHN,1902-01-01,10.333333333333334
CHN,1902-04-01,8.333333333333334
CHN,1902-07-01,7.333333333333333
CHN,1902-10-01,8.0
CHN,1903-01-01,8.333333333333334
CHN,1903-04-01,10.666666666666666
CHN,1903-07-01,7.666666666666667
CHN,1903-10-01,23.333333333333332
CHN,1904-01-01,70.66666666666667
CHN,1904-04-01,44.0
CHN,1904-07-01,38.666666666666664
CHN,1904-10-01,16.0
CHN,1905-01-01,21.0
CHN,1905-04-01,23.333333333333332
CHN,1905-07-01,18.333333333333332
CHN,1905-10-01,9.333333333333334
CHN,1906-01-01,14.0
CHN,1906-04-01,6.0
CHN,1906-07-01,4.333333333333333
CHN,1906-10-01,4.333333333333333
CHN,1907-01-01,4.666666666666667
CHN,1907-04-01,11.0
CHN,1907-07-01,7.666666666666667
CHN,1907-10-01,5.0
CHN,1908-01-01,8.333333333333334
CHN,1908-04-01,4.333333333333333
CHN,1908-07-01,5.333333333333333
CHN,1908-10-01,5.666666666666667
CHN,1909-01-01,6.333333333333333
CHN,1909-04-01,2.6666666666666665
CHN,1909-07-01,6.0
CHN,1909-10-01,3.3333333333333335
CHN,1910-01-01,4.666666666666667
CHN,1910-04-01,4.666666666666667
CHN,1910-07-01,5.0
CHN,1910-10-01,3.0
CHN,1911-01-01,13.666666666666666
CHN,1911-04-01,7.0
CHN,1911-07-01,10.0
CHN,1911-10-01,39.0
CHN,1912-01-01,19.333333333333332
CHN,1912-04-01,5.666666666666667
CHN,1912-07-01,6.0
CHN,1912-10-01,7.0
CHN,1913-01-01,5.333333333333333
CHN,1913-04-01,5.333333333333333
CHN,1913-07-01,18.333333333333332
CHN,1913-10-01,5.666666666666667
CHN,1914-01-01,5.333333333333333
CHN,1914-04-01,8.666666666666666
CHN,1914-07-01,49.666666666666664
CHN,1914-10-01,26.333333333333332
CHN,1915-01-01,23.0
CHN,1915-04-01,32.333333333333336
CHN,1915-07-01,14.666666666666666
CHN,1915-10-01,20.0
CHN,1916-01-01,22.333333333333332
CHN,1916-04-01,13.666666666666666
CHN,1916-07-01,20.333333333333332
CHN,1916-10-01,18.333333333333332
CHN,1917-01-01,21.0
CHN,1917-04-01,23.666666666666668
CHN,1917-07-01,26.333333333333332
CHN,1917-10-01,18.0
CHN,1918-01-01,23.666666666666668
CHN,1918-04-01,19.333333333333332
CHN,1918-07-01,24.333333333333332
CHN,1918-10-01,9.666666666666666
CHN,1919-01-01,29.666666666666668
CHN,1919-04-01,21.0
CHN,1919-07-01,39.666666666666664
CHN,1919-10-01,13.666666666666666
CHN,1920-01-01,11.0
CHN,1920-04-01,5.333333333333333
CHN,1920-07-01,13.0
CHN,1920-10-01,9.0
CHN,1921-01-01,7.333333333333333
CHN,1921-04-01,9.333333333333334
CHN,1921-07-01,14.333333333333334
CHN,1921-10-01,31.333333333333332
CHN,1922-01-01,22.333333333333332
CHN,1922-04-01,26.666666666666668
CHN,1922-07-01,12.333333333333334
CHN,1922-10-01,5.666666666666667
CHN,1923-01-01,6.0
CHN,1923-04-01,22.333333333333332
CHN,1923-07-01,7.0
CHN,1923-10-01,5.0
CHN,1924-01-01,4.0
CHN,1924-04-01,3.6666666666666665
CHN,1924-07-01,28.666666666666668
CHN,1924-10-01,22.333333333333332
CHN,1925-01-01,11.666666666666666
CHN,1925-04-01,10.0
CHN,1925-07-01,21.0
CHN,1925-10-01,12.333333333333334
CHN,1926-01-01,11.333333333333334
CHN,1926-04-01,12.333333333333334
CHN,1926-07-01,18.666666666666668
CHN,1926-10-01,17.666666666666668
CHN,1927-01-01,51.333333333333336
CHN,1927-04-01,52.666666666666664
CHN,1927-07-01,15.333333333333334
CHN,1927-10-01,24.0
CHN,1928-01-01,10.666666666666666
CHN,1928-04-01,32.666666666666664
CHN,1928-07-01,16.333333333333332
CHN,1928-10-01,6.0
CHN,1929-01-01,21.666666666666668
CHN,1929-04-01,18.666666666666668
CHN,1929-07-01,64.33333333333333
CHN,1929-10-01,39.666666666666664
CHN,1930-01-01,20.0
CHN,1930-04-01,32.0
CHN,1930-07-01,29.0
CHN,1930-10-01,14.666666666666666
CHN,1931-01-01,6.0
CHN,1931-04-01,22.333333333333332
CHN,1931-07-01,24.333333333333332
CHN,1931-10-01,114.33333333333333
CHN,1932-01-01,188.33333333333334
CHN,1932-04-01,48.333333333333336
CHN,1932-07-01,32.0
CHN,1932-10-01,28.0
CHN,1933-01-01,84.0
CHN,1933-04-01,39.666666666666664
CHN,1933-07-01,20.666666666666668
CHN,1933-10-01,23.666666666666668
CHN,1934-01-01,19.0
CHN,1934-04-01,19.0
CHN,1934-07-01,13.0
CHN,1934-10-01,21.0
CHN,1935-01-01,16.333333333333332
CHN,1935-04-01,27.0
CHN,1935-07-01,25.666666666666668
CHN,1935-10-01,48.333333333333336
CHN,1936-01-01,24.333333333333332
CHN,1936-04-01,47.0
CHN,1936-07-01,34.666666666666664
CHN,1936-10-01,46.0
CHN,1937-01-01,23.333333333333332
CHN,1937-04-01,7.0
CHN,1937-07-01,193.0
CHN,1937-10-01,164.33333333333334
CHN,1938-01-01,95.66666666666667
CHN,1938-04-01,77.0
CHN,1938-07-01,79.66666666666667
CHN,1938-10-01,62.333333333333336
CHN,1939-01-01,62.333333333333336
CHN,1939-04-01,81.33333333333333
CHN,1939-07-01,89.66666666666667
CHN,1939-10-01,78.66666666666667
CHN,1940-01-01,66.0
CHN,1940-04-01,46.666666666666664
CHN,1940-07-01,73.33333333333333
CHN,1940-10-01,70.33333333333333
CHN,1941-01-01,79.66666666666667
CHN,1941-04-01,56.333333333333336
CHN,1941-07-01,88.0
CHN,1941-10-01,146.66666666666666
CHN,1942-01-01,166.0
CHN,1942-04-01,129.33333333333334
CHN,1942-07-01,86.66666666666667
CHN,1942-10-01,73.33333333333333
CHN,1943-01-01,85.0
CHN,1943-04-01,105.66666666666667
CHN,1943-07-01,81.33333333333333
CHN,1943-10-01,103.33333333333333
CHN,1944-01-01,86.0
CHN,1944-04-01,169.66666666666666
CHN,1944-07-01,134.33333333333334
CHN,1944-10-01,141.0
CHN,1945-01-01,126.66666666666667
CHN,1945-04-01,137.0
CHN,1945-07-01,153.0
CHN,1945-10-01,82.0
CHN,1946-01-01,70.33333333333333
CHN,1946-04-01,62.333333333333336
CHN,1946-07-01,74.0
CHN,1946-10-01,57.666666666666664
CHN,1947-01-01,41.333333333333336
CHN,1947-04-01,37.333333333333336
CHN,1947-07-01,33.0
CHN,1947-10-01,34.666666666666664
CHN,1948-01-01,43.666666666666664
CHN,1948-04-01,27.666666666666668
CHN,1948-07-01,30.0
CHN,1948-10-01,54.666666666666664
CHN,1949-01-01,34.333333333333336
CHN,1949-04-01,52.0
CHN,1949-07-01,48.666666666666664
CHN,1949-10-01,54.333333333333336
CHN,1950-01-01,65.33333333333333
CHN,1950-04-01,73.66666666666667
CHN,1950-07-01,122.33333333333333
CHN,1950-10-01,256.3333333333333
CHN,1951-01-01,220.0
CHN,1951-04-01,269.6666666666667
CHN,1951-07-01,139.0
CHN,1951-10-01,127.0
CHN,1952-01-01,113.33333333333333
CHN,1952-04-01,93.66666666666667
CHN,1952-07-01,89.0
CHN,1952-10-01,153.66666666666666
CHN,1953-01-01,161.0
CHN,1953-04-01,167.0
CHN,1953-07-01,113.0
CHN,1953-10-01,70.0
CHN,1954-01-01,87.33333333333333
CHN,1954-04-01,121.0
CHN,1954-07-01,84.33333333333333
CHN,1954-10-01,69.33333333333333
CHN,1955-01-01,132.66666666666666
CHN,1955-04-01,84.33333333333333
CHN,1955-07-01,39.0
CHN,1955-10-01,31.666666666666668
CHN,1956-01-01,54.666666666666664
CHN,1956-04-01,39.666666666666664
CHN,1956-07-01,39.666666666666664
CHN,1956-10-01,34.333333333333336
CHN,1957-01-01,28.333333333333332
CHN,1957-04-01,48.0
CHN,1957-07-01,27.0
CHN,1957-10-01,25.333333333333332
CHN,1958-01-01,22.666666666666668
CHN,1958-04-01,28.0
CHN,1958-07-01,140.66666666666666
CHN,1958-10-01,66.0
CHN,1959-01-01,23.666666666666668
CHN,1959-04-01,25.666666666666668
CHN,1959-07-01,48.333333333333336
CHN,1959-10-01,45.666666666666664
CHN,1960-01-01,22.0
CHN,1960-04-01,58.666666666666664
CHN,1960-07-01,54.333333333333336
CHN,1960-10-01,56.333333333333336
CHN,1961-01-01,58.333333333333336
CHN,1961-04-01,62.0
CHN,1961-07-01,43.333333333333336
CHN,1961-10-01,49.666666666666664
CHN,1962-01-01,54.333333333333336
CHN,1962-04-01,57.666666666666664
CHN,1962-07-01,47.333333333333336
CHN,1962-10-01,137.0
CHN,1963-01-01,55.0
CHN,1963-04-01,59.333333333333336
CHN,1963-07-01,149.66666666666666
CHN,1963-10-01,66.33333333333333
CHN,1964-01-01,71.0
CHN,1964-04-01,88.66666666666667
CHN,1964-07-01,95.0
CHN,1964-10-01,101.66666666666667
CHN,1965-01-01,94.0
CHN,1965-04-01,104.33333333333333
CHN,1965-07-01,139.66666666666666
CHN,1965-10-01,98.66666666666667
CHN,1966-01-01,125.33333333333333
CHN,1966-04-01,94.0
CHN,1966-07-01,100.33333333333333
CHN,1966-10-01,92.66666666666667
CHN,1967-01-01,98.66666666666667
CHN,1967-04-01,100.33333333333333
CHN,1967-07-01,123.33333333333333
CHN,1967-10-01,89.66666666666667
CHN,1968-01-01,77.33333333333333
CHN,1968-04-01,55.0
CHN,1968-07-01,48.333333333333336
CHN,1968-10-01,36.0
CHN,1969-01-01,66.66666666666667
CHN,1969-04-01,54.333333333333336
CHN,1969-07-01,54.0
CHN,1969-10-01,42.333333333333336
CHN,1970-01-01,51.333333333333336
CHN,1970-04-01,61.0
CHN,1970-07-01,51.666666666666664
CHN,1970-10-01,36.0
CHN,1971-01-01,49.333333333333336
CHN,1971-04-01,44.333333333333336
CHN,1971-07-01,71.33333333333333
CHN,1971-10-01,80.33333333333333
CHN,1972-01-01,64.0
CHN,1972-04-01,91.66666666666667
CHN,1972-07-01,49.333333333333336
CHN,1972-10-01,38.666666666666664
CHN,1973-01-01,36.333333333333336
CHN,1973-04-01,30.666666666666668
CHN,1973-07-01,38.0
CHN,1973-10-01,49.666666666666664
CHN,1974-01-01,24.333333333333332
CHN,1974-04-01,31.666666666666668
CHN,1974-07-01,24.333333333333332
CHN,1974-10-01,24.333333333333332
CHN,1975-01-01,40.333333333333336
CHN,1975-04-01,46.0
CHN,1975-07-01,31.0
CHN,1975-10-01,34.333333333333336
CHN,1976-01-01,26.333333333333332
CHN,1976-04-01,29.0
CHN,1976-07-01,27.666666666666668
CHN,1976-10-01,32.666666666666664
CHN,1977-01-01,24.0
CHN,1977-04-01,29.333333333333332
CHN,1977-07-01,33.666666666666664
CHN,1977-10-01,20.0
CHN,1978-01-01,25.333333333333332
CHN,1978-04-01,50.333333333333336
CHN,1978-07-01,18.666666666666668
CHN,1978-10-01,43.0
CHN,1979-01-01,101.0
CHN,1979-04-01,42.333333333333336
CHN,1979-07-01,32.666666666666664
CHN,1979-10-01,38.0
CHN,1980-01-01,67.0
CHN,1980-04-01,30.666666666666668
CHN,1980-07-01,28.333333333333332
CHN,1980-10-01,36.666666666666664
CHN,1981-01-01,25.0
CHN,1981-04-01,36.333333333333336
CHN,1981-07-01,19.333333333333332
CHN,1981-10-01,24.0
CHN,1982-01-01,25.0
CHN,1982-04-01,23.0
CHN,1982-07-01,24.0
CHN,1982-10-01,23.666666666666668
CHN,1983-01-01,18.333333333333332
CHN,1983-04-01,21.666666666666668
CHN,1983-07-01,24.666666666666668
CHN,1983-10-01,25.333333333333332
CHN,1984-01-01,22.0
CHN,1984-04-01,36.666666666666664
CHN,1984-07-01,15.666666666666666
CHN,1984-10-01,19.0
CHN,1985-01-01,18.333333333333332
CHN,1985-04-01,17.333333333333332
CHN,1985-07-01,18.333333333333332
CHN,1985-10-01,18.333333333333332
CHN,1986-01-01,11.0
CHN,1986-04-01,12.666666666666666
CHN,1986-07-01,12.666666666666666
CHN,1986-10-01,22.0
CHN,1987-01-01,9.333333333333334
CHN,1987-04-01,29.0
CHN,1987-07-01,32.666666666666664
CHN,1987-10-01,21.666666666666668
CHN,1988-01-01,23.333333333333332
CHN,1988-04-01,27.0
CHN,1988-07-01,18.666666666666668
CHN,1988-10-01,15.666666666666666
CHN,1989-01-01,16.333333333333332
CHN,1989-04-01,56.0
CHN,1989-07-01,27.0
CHN,1989-10-01,31.333333333333332
CHN,1990-01-01,22.666666666666668
CHN,1990-04-01,17.666666666666668
CHN,1990-07-01,38.333333333333336
CHN,1990-10-01,38.666666666666664
CHN,1991-01-01,27.0
CHN,1991-04-01,37.0
CHN,1991-07-01,27.333333333333332
CHN,1991-10-01,32.666666666666664
CHN,1992-01-01,39.0
CHN,1992-04-01,24.0
CHN,1992-07-01,25.0
CHN,1992-10-01,24.0
CHN,1993-01-01,24.0
CHN,1993-04-01,27.0
CHN,1993-07-01,30.666666666666668
CHN,1993-10-01,34.0
CHN,1994-01-01,31.333333333333332
CHN,1994-04-01,49.666666666666664
CHN,1994-07-01,20.333333333333332
CHN,1994-10-01,23.333333333333332
CHN,1995-01-01,19.333333333333332
CHN,1995-04-01,28.666666666666668
CHN,1995-07-01,18.0
CHN,1995-10-01,20.666666666666668
CHN,1996-01-01,33.666666666666664
CHN,1996-04-01,33.0
CHN,1996-07-01,16.333333333333332
CHN,1996-10-01,17.333333333333332
CHN,1997-01-01,14.0
CHN,1997-04-01,21.0
CHN,1997-07-01,15.0
CHN,1997-10-01,34.333333333333336
CHN,1998-01-01,29.0
CHN,1998-04-01,64.66666666666667
CHN,1998-07-01,38.666666666666664
CHN,1998-10-01,33.333333333333336
CHN,1999-01-01,44.333333333333336
CHN,1999-04-01,77.0
CHN,1999-07-01,41.666666666666664
CHN,1999-10-01,52.333333333333336
CHN,2000-01-01,37.0
CHN,2000-04-01,43.666666666666664
CHN,2000-07-01,42.0
CHN,2000-10-01,23.333333333333332
CHN,2001-01-01,36.666666666666664
CHN,2001-04-01,44.333333333333336
CHN,2001-07-01,52.333333333333336
CHN,2001-10-01,58.0
CHN,2002-01-01,42.0
CHN,2002-04-01,24.0
CHN,2002-07-01,31.333333333333332
CHN,2002-10-01,58.666666666666664
CHN,2003-01-01,104.0
CHN,2003-04-01,80.0
CHN,2003-07-01,47.0
CHN,2003-10-01,45.0
CHN,2004-01-01,42.0
CHN,2004-04-01,54.0
CHN,2004-07-01,39.0
CHN,2004-10-01,44.666666666666664
CHN,2005-01-01,56.333333333333336
CHN,2005-04-01,46.333333333333336
CHN,2005-07-01,61.0
CHN,2005-10-01,37.666666666666664
CHN,2006-01-01,70.33333333333333
CHN,2006-04-01,71.66666666666667
CHN,2006-07-01,64.66666666666667
CHN,2006-10-01,82.0
CHN,2007-01-01,59.666666666666664
CHN,2007-04-01,41.666666666666664
CHN,2007-07-01,42.666666666666664
CHN,2007-10-01,49.333333333333336
CHN,2008-01-01,35.666666666666664
CHN,2008-04-01,38.333333333333336
CHN,2008-07-01,48.666666666666664
CHN,2008-10-01,27.333333333333332
CHN,2009-01-01,28.0
CHN,2009-04-01,38.666666666666664
CHN,2009-07-01,44.333333333333336
CHN,2009-10-01,40.0
CHN,2010-01-01,43.0
CHN,2010-04-01,52.333333333333336
CHN,2010-07-01,29.0
CHN,2010-10-01,45.666666666666664
CHN,2011-01-01,36.666666666666664
CHN,2011-04-01,25.333333333333332
CHN,2011-07-01,28.333333333333332
CHN,2011-10-01,42.666666666666664
CHN,2012-01-01,62.666666666666664
CHN,2012-04-01,57.333333333333336
CHN,2012-07-01,40.0
CHN,2012-10-01,29.333333333333332
CHN,2013-01-01,39.333333333333336
CHN,2013-04-01,40.0
CHN,2013-07-01,33.666666666666664
CHN,2013-10-01,43.333333333333336
CHN,2014-01-01,41.0
CHN,2014-04-01,32.333333333333336
CHN,2014-07-01,32.0
CHN,2014-10-01,27.666666666666668
CHN,2015-01-01,34.666666666666664
CHN,2015-04-01,31.333333333333332
CHN,2015-07-01,47.0
CHN,2015-10-01,36.666666666666664
CHN,2016-01-01,39.333333333333336
CHN,2016-04-01,28.0
CHN,2016-07-01,33.333333333333336
CHN,2016-10-01,31.0
CHN,2017-01-01,56.0
CHN,2017-04-01,56.333333333333336
CHN,2017-07-01,82.0
CHN,2017-10-01,44.666666666666664
CHN,2018-01-01,39.666666666666664
CHN,2018-04-01,68.0
CHN,2018-07-01,41.0
CHN,2018-10-01,41.0
CHN,2019-01-01,53.333333333333336
CHN,2019-04-01,48.666666666666664
CHN,2019-07-01,50.0
CHN,2019-10-01,33.333333333333336
CHN,2020-01-01,60.666666666666664
CHN,2020-04-01,60.333333333333336
CHN,2020-07-01,48.333333333333336
CHN,2020-10-01,25.666666666666668
IDN,1900-01-01,0.0
IDN,1900-04-01,0.0
IDN,1900-07-01,0.3333333333333333
IDN,1900-10-01,0.0
IDN,1901-01-01,0.0
IDN,1901-04-01,0.0
IDN,1901-07-01,0.0
IDN,1901-10-01,0.0
IDN,1902-01-01,0.0
IDN,1902-04-01,0.3333333333333333
IDN,1902-07-01,0.0
IDN,1902-10-01,0.0
IDN,1903-01-01,0.0
IDN,1903-04-01,0.0
IDN,1903-07-01,0.0
IDN,1903-10-01,0.3333333333333333
IDN,1904-01-01,0.3333333333333333
IDN,1904-04-01,0.0
IDN,1904-07-01,0.6666666666666666
IDN,1904-10-01,0.0
IDN,1905-01-01,0.3333333333333333
IDN,1905-04-01,1.3333333333333333
IDN,1905-07-01,0.3333333333333333
IDN,1905-10-01,0.0
IDN,1906-01-01,0.0
IDN,1906-04-01,0.0
IDN,1906-07-01,0.0
IDN,1906-10-01,0.0
IDN,1907-01-01,0.3333333333333333
IDN,1907-04-01,0.0
IDN,1907-07-01,0.0
IDN,1907-10-01,0.0
IDN,1908-01-01,0.3333333333333333
IDN,1908-04-01,0.3333333333333333
IDN,1908-07-01,0.0
IDN,1908-10-01,0.0
IDN,1909-01-01,0.3333333333333333
IDN,1909-04-01,0.0
IDN,1909-07-01,0.6666666666666666
IDN,1909-10-01,0.0
IDN,1910-01-01,0.0
IDN,1910-04-01,0.0
IDN,1910-07-01,0.0
IDN,1910-10-01,0.0
IDN,1911-01-01,0.0
IDN,1911-04-01,0.0
IDN,1911-07-01,0.6666666666666666
IDN,1911-10-01,0.3333333333333333
IDN,1912-01-01,0.3333333333333333
IDN,1912-04-01,0.0
IDN,1912-07-01,0.0
IDN,1912-10-01,0.0
IDN,1913-01-01,0.0
IDN,1913-04-01,0.0
IDN,1913-07-01,0.3333333333333333
IDN,1913-10-01,0.0
IDN,1914-01-01,0.0
IDN,1914-04-01,0.0
IDN,1914-07-01,0.0
IDN,1914-10-01,0.0
IDN,1915-01-01,0.0
IDN,1915-04-01,0.0
IDN,1915-07-01,0.3333333333333333
IDN,1915-10-01,0.0
IDN,1916-01-01,0.3333333333333333
IDN,1916-04-01,0.6666666666666666
IDN,1916-07-01,0.3333333333333333
IDN,1916-10-01,0.6666666666666666
IDN,1917-01-01,0.0
IDN,1917-04-01,0.0
IDN,1917-07-01,0.0
IDN,1917-10-01,0.3333333333333333
IDN,1918-01-01,0.0
IDN,1918-04-01,0.0
IDN,1918-07-01,0.6666666666666666
IDN,1918-10-01,0.0
IDN,1919-01-01,0.3333333333333333
IDN,1919-04-01,0.6666666666666666
IDN,1919-07-01,0.6666666666666666
IDN,1919-10-01,0.0
IDN,1920-01-01,0.0
IDN,1920-04-01,0.0
IDN,1920-07-01,0.0
IDN,1920-10-01,0.0
IDN,1921-01-01,0.0
IDN,1921-04-01,0.0
IDN,1921-07-01,0.0
IDN,1921-10-01,0.0
IDN,1922-01-01,0.0
IDN,1922-04-01,0.0
IDN,1922-07-01,0.0
IDN,1922-10-01,0.0
IDN,1923-01-01,0.0
IDN,1923-04-01,0.0
IDN,1923-07-01,0.0
IDN,1923-10-01,0.0
IDN,1924-01-01,0.3333333333333333
IDN,1924-04-01,0.0
IDN,1924-07-01,0.0
IDN,1924-10-01,0.0
IDN,1925-01-01,0.0
IDN,1925-04-01,0.0
IDN,1925-07-01,0.0
IDN,1925-10-01,0.3333333333333333
IDN,1926-01-01,0.0
IDN,1926-04-01,0.0
IDN,1926-07-01,0.0
IDN,1926-10-01,1.6666666666666667
IDN,1927-01-01,0.0
IDN,1927-04-01,0.0
IDN,1927-07-01,0.0
IDN,1927-10-01,0.0
IDN,1928-01-01,0.3333333333333333
IDN,1928-04-01,0.3333333333333333
IDN,1928-07-01,0.0
IDN,1928-10-01,0.3333333333333333
IDN,1929-01-01,0.0
IDN,1929-04-01,0.3333333333333333
IDN,1929-07-01,0.6666666666666666
IDN,1929-10-01,0.0
IDN,1930-01-01,0.0
IDN,1930-04-01,1.0
IDN,1930-07-01,0.0
IDN,1930-10-01,0.0
IDN,1931-01-01,0.0
IDN,1931-04-01,0.0
IDN,1931-07-01,0.0
IDN,1931-10-01,0.0
IDN,1932-01-01,1.3333333333333333
IDN,1932-04-01,0.0
IDN,1932-07-01,0.0
IDN,1932-10-01,0.0
IDN,1933-01-01,0.6666666666666666
IDN,1933-04-01,0.0
IDN,1933-07-01,0.0
IDN,1933-10-01,0.0
IDN,1934-01-01,0.0
IDN,1934-04-01,0.0
IDN,1934-07-01,0.3333333333333333
IDN,1934-10-01,0.3333333333333333
IDN,1935-01-01,0.0
IDN,1935-04-01,0.0
IDN,1935-07-01,0.0
IDN,1935-10-01,0.3333333333333333
IDN,1936-01-01,0.0
IDN,1936-04-01,0.0
IDN,1936-07-01,0.0
IDN,1936-10-01,0.0
IDN,1937-01-01,1.6666666666666667
IDN,1937-04-01,0.6666666666666666
IDN,1937-07-01,1.0
IDN,1937-10-01,1.0
IDN,1938-01-01,2.3333333333333335
IDN,1938-04-01,2.0
IDN,1938-07-01,2.0
IDN,1938-10-01,0.6666666666666666
IDN,1939-01-01,2.0
IDN,1939-04-01,2.6666666666666665
IDN,1939-07-01,1.0
IDN,1939-10-01,1.3333333333333333
IDN,1940-01-01,0.6666666666666666
IDN,1940-04-01,4.333333333333333
IDN,1940-07-01,2.6666666666666665
IDN,1940-10-01,1.0
IDN,1941-01-01,2.6666666666666665
IDN,1941-04-01,4.333333333333333
IDN,1941-07-01,2.6666666666666665
IDN,1941-10-01,18.666666666666668
IDN,1942-01-01,59.666666666666664
IDN,1942-04-01,1.3333333333333333
IDN,1942-07-01,0.6666666666666666
IDN,1942-10-01,1.0
IDN,1943-01-01,0.6666666666666666
IDN,1943-04-01,0.3333333333333333
IDN,1943-07-01,1.0
IDN,1943-10-01,0.3333333333333333
IDN,1944-01-01,1.0
IDN,1944-04-01,0.0
IDN,1944-07-01,1.6666666666666667
IDN,1944-10-01,0.6666666666666666
IDN,1945-01-01,1.0
IDN,1945-04-01,0.3333333333333333
IDN,1945-07-01,6.0
IDN,1945-10-01,27.333333333333332
IDN,1946-01-01,20.666666666666668
IDN,1946-04-01,7.0
IDN,1946-07-01,8.0
IDN,1946-10-01,3.6666666666666665
IDN,1947-01-01,5.333333333333333
IDN,1947-04-01,4.666666666666667
IDN,1947-07-01,41.333333333333336
IDN,1947-10-01,7.0
IDN,1948-01-01,3.6666666666666665
IDN,1948-04-01,3.6666666666666665
IDN,1948-07-01,7.666666666666667
IDN,1948-10-01,17.666666666666668
IDN,1949-01-01,18.666666666666668
IDN,1949-04-01,8.333333333333334
IDN,1949-07-01,5.333333333333333
IDN,1949-10-01,7.0
IDN,1950-01-01,12.0
IDN,1950-04-01,12.0
IDN,1950-07-01,13.333333333333334
IDN,1950-10-01,9.666666666666666
IDN,1951-01-01,8.333333333333334
IDN,1951-04-01,9.0
IDN,1951-07-01,5.333333333333333
IDN,1951-10-01,4.666666666666667
IDN,1952-01-01,9.333333333333334
IDN,1952-04-01,6.0
IDN,1952-07-01,4.333333333333333
IDN,1952-10-01,3.3333333333333335
IDN,1953-01-01,8.333333333333334
IDN,1953-04-01,6.0
IDN,1953-07-01,9.666666666666666
IDN,1953-10-01,3.6666666666666665
IDN,1954-01-01,5.666666666666667
IDN,1954-04-01,12.0
IDN,1954-07-01,8.333333333333334
IDN,1954-10-01,9.0
IDN,1955-01-01,10.0
IDN,1955-04-01,13.0
IDN,1955-07-01,3.6666666666666665
IDN,1955-10-01,3.3333333333333335
IDN,1956-01-01,6.666666666666667
IDN,1956-04-01,6.333333333333333
IDN,1956-07-01,14.0
IDN,1956-10-01,13.666666666666666
IDN,1957-01-01,15.0
IDN,1957-04-01,6.333333333333333
IDN,1957-07-01,4.333333333333333
IDN,1957-10-01,17.666666666666668
IDN,1958-01-01,42.333333333333336
IDN,1958-04-01,41.0
IDN,1958-07-01,15.0
IDN,1958-10-01,6.0
IDN,1959-01-01,6.333333333333333
IDN,1959-04-01,3.6666666666666665
IDN,1959-07-01,3.3333333333333335
IDN,1959-10-01,5.666666666666667
IDN,1960-01-01,5.0
IDN,1960-04-01,8.666666666666666
IDN,1960-07-01,10.333333333333334
IDN,1960-10-01,9.0
IDN,1961-01-01,6.666666666666667
IDN,1961-04-01,6.333333333333333
IDN,1961-07-01,14.0
IDN,1961-10-01,16.0
IDN,1962-01-01,19.666666666666668
IDN,1962-04-01,14.0
IDN,1962-07-01,9.666666666666666
IDN,1962-10-01,17.666666666666668
IDN,1963-01-01,12.666666666666666
IDN,1963-04-01,11.666666666666666
IDN,1963-07-01,20.333333333333332
IDN,1963-10-01,18.333333333333332
IDN,1964-01-01,21.666666666666668
IDN,1964-04-01,18.0
IDN,1964-07-01,17.666666666666668
IDN,1964-10-01,24.0
IDN,1965-01-01,28.0
IDN,1965-04-01,8.333333333333334
IDN,1965-07-01,15.666666666666666
IDN,1965-10-01,28.333333333333332
IDN,1966-01-01,15.666666666666666
IDN,1966-04-01,9.333333333333334
IDN,1966-07-01,7.666666666666667
IDN,1966-10-01,7.666666666666667
IDN,1967-01-01,6.0
IDN,1967-04-01,7.666666666666667
IDN,1967-07-01,6.0
IDN,1967-10-01,8.666666666666666
IDN,1968-01-01,4.666666666666667
IDN,1968-04-01,5.333333333333333
IDN,1968-07-01,4.666666666666667
IDN,1968-10-01,3.0
IDN,1969-01-01,3.0
IDN,1969-04-01,3.3333333333333335
IDN,1969-07-01,6.333333333333333
IDN,1969-10-01,1.6666666666666667
IDN,1970-01-01,1.0
IDN,1970-04-01,8.666666666666666
IDN,1970-07-01,4.666666666666667
IDN,1970-10-01,1.6666666666666667
IDN,1971-01-01,1.6666666666666667
IDN,1971-04-01,1.6666666666666667
IDN,1971-07-01,5.333333333333333
IDN,1971-10-01,3.6666666666666665
IDN,1972-01-01,2.6666666666666665
IDN,1972-04-01,2.6666666666666665
IDN,1972-07-01,1.3333333333333333
IDN,1972-10-01,4.666666666666667
IDN,1973-01-01,12.0
IDN,1973-04-01,5.333333333333333
IDN,1973-07-01,2.0
IDN,1973-10-01,6.0
IDN,1974-01-01,6.333333333333333
IDN,1974-04-01,3.0
IDN,1974-07-01,1.3333333333333333
IDN,1974-10-01,1.0
IDN,1975-01-01,6.0
IDN,1975-04-01,4.333333333333333
IDN,1975-07-01,6.666666666666667
IDN,1975-10-01,16.0
IDN,1976-01-01,2.3333333333333335
IDN,1976-04-01,2.3333333333333335
IDN,1976-07-01,3.0
IDN,1976-10-01,4.0
IDN,1977-01-01,4.0
IDN,1977-04-01,13.666666666666666
IDN,1977-07-01,3.0
IDN,1977-10-01,1.3333333333333333
IDN,1978-01-01,4.0
IDN,1978-04-01,1.6666666666666667
IDN,1978-07-01,4.0
IDN,1978-10-01,3.6666666666666665
IDN,1979-01-01,4.0
IDN,1979-04-01,3.3333333333333335
IDN,1979-07-01,5.0
IDN,1979-10-01,2.3333333333333335
IDN,1980-01-01,4.0
IDN,1980-04-01,6.666666666666667
IDN,1980-07-01,2.0
IDN,1980-10-01,8.0
IDN,1981-01-01,5.333333333333333
IDN,1981-04-01,3.3333333333333335
IDN,1981-07-01,2.3333333333333335
IDN,1981-10-01,1.3333333333333333
IDN,1982-01-01,1.3333333333333333
IDN,1982-04-01,0.6666666666666666
IDN,1982-07-01,0.6666666666666666
IDN,1982-10-01,4.333333333333333
IDN,1983-01-01,3.3333333333333335
IDN,1983-04-01,2.0
IDN,1983-07-01,3.0
IDN,1983-10-01,4.0
IDN,1984-01-01,1.3333333333333333
IDN,1984-04-01,2.0
IDN,1984-07-01,4.333333333333333
IDN,1984-10-01,1.6666666666666667
IDN,1985-01-01,2.0
IDN,1985-04-01,1.6666666666666667
IDN,1985-07-01,1.6666666666666667
IDN,1985-10-01,0.3333333333333333
IDN,1986-01-01,2.0
IDN,1986-04-01,5.666666666666667
IDN,1986-07-01,5.333333333333333
IDN,1986-10-01,1.6666666666666667
IDN,1987-01-01,0.3333333333333333
IDN,1987-04-01,2.6666666666666665
IDN,1987-07-01,2.6666666666666665
IDN,1987-10-01,4.333333333333333
IDN,1988-01-01,0.3333333333333333
IDN,1988-04-01,0.6666666666666666
IDN,1988-07-01,6.666666666666667
IDN,1988-10-01,1.3333333333333333
IDN,1989-01-01,2.0
IDN,1989-04-01,2.3333333333333335
IDN,1989-07-01,4.0
IDN,1989-10-01,1.3333333333333333
IDN,1990-01-01,2.3333333333333335
IDN,1990-04-01,1.0
IDN,1990-07-01,8.0
IDN,1990-10-01,2.3333333333333335
IDN,1991-01-01,4.666666666666667
IDN,1991-04-01,1.6666666666666667
IDN,1991-07-01,1.3333333333333333
IDN,1991-10-01,2.3333333333333335
IDN,1992-01-01,2.3333333333333335
IDN,1992-04-01,1.3333333333333333
IDN,1992-07-01,1.3333333333333333
IDN,1992-10-01,4.0
IDN,1993-01-01,1.6666666666666667
IDN,1993-04-01,2.6666666666666665
IDN,1993-07-01,2.0
IDN,1993-10-01,1.3333333333333333
IDN,1994-01-01,1.3333333333333333
IDN,1994-04-01,2.3333333333333335
IDN,1994-07-01,2.3333333333333335
IDN,1994-10-01,6.333333333333333
IDN,1995-01-01,1.6666666666666667
IDN,1995-04-01,5.0
IDN,1995-07-01,1.6666666666666667
IDN,1995-10-01,2.6666666666666665
IDN,1996-01-01,0.6666666666666666
IDN,1996-04-01,0.6666666666666666
IDN,1996-07-01,4.0
IDN,1996-10-01,4.0
IDN,1997-01-01,3.0
IDN,1997-04-01,3.6666666666666665
IDN,1997-07-01,2.0
IDN,1997-10-01,2.0
IDN,1998-01-01,6.333333333333333
IDN,1998-04-01,11.333333333333334
IDN,1998-07-01,11.0
IDN,1998-10-01,4.333333333333333
IDN,1999-01-01,5.0
IDN,1999-04-01,5.333333333333333
IDN,1999-07-01,23.0
IDN,1999-10-01,13.333333333333334
IDN,2000-01-01,8.333333333333334
IDN,2000-04-01,3.6666666666666665
IDN,2000-07-01,6.333333333333333
IDN,2000-10-01,6.0
IDN,2001-01-01,5.666666666666667
IDN,2001-04-01,4.0
IDN,2001-07-01,11.0
IDN,2001-10-01,22.333333333333332
IDN,2002-01-01,9.333333333333334
IDN,2002-04-01,5.0
IDN,2002-07-01,8.333333333333334
IDN,2002-10-01,30.0
IDN,2003-01-01,18.333333333333332
IDN,2003-04-01,15.333333333333334
IDN,2003-07-01,12.666666666666666
IDN,2003-10-01,13.666666666666666
IDN,2004-01-01,7.0
IDN,2004-04-01,13.0
IDN,2004-07-01,11.333333333333334
IDN,2004-10-01,10.666666666666666
IDN,2005-01-01,18.666666666666668
IDN,2005-04-01,6.666666666666667
IDN,2005-07-01,6.333333333333333
IDN,2005-10-01,13.0
IDN,2006-01-01,9.666666666666666
IDN,2006-04-01,9.0
IDN,2006-07-01,12.666666666666666
IDN,2006-10-01,6.666666666666667
IDN,2007-01-01,9.0
IDN,2007-04-01,5.333333333333333
IDN,2007-07-01,5.333333333333333
IDN,2007-10-01,2.6666666666666665
IDN,2008-01-01,8.0
IDN,2008-04-01,3.6666666666666665
IDN,2008-07-01,3.6666666666666665
IDN,2008-10-01,3.0
IDN,2009-01-01,6.666666666666667
IDN,2009-04-01,3.3333333333333335
IDN,2009-07-01,6.666666666666667
IDN,2009-10-01,3.6666666666666665
IDN,2010-01-01,3.6666666666666665
IDN,2010-04-01,3.3333333333333335
IDN,2010-07-01,3.0
IDN,2010-10-01,5.666666666666667
IDN,2011-01-01,2.0
IDN,2011-04-01,3.6666666666666665
IDN,2011-07-01,4.333333333333333
IDN,2011-10-01,4.0
IDN,2012-01-01,1.0
IDN,2012-04-01,1.6666666666666667
IDN,2012-07-01,3.6666666666666665
IDN,2012-10-01,2.0
IDN,2013-01-01,1.0
IDN,2013-04-01,1.0
IDN,2013-07-01,2.0
IDN,2013-10-01,4.666666666666667
IDN,2014-01-01,6.333333333333333
IDN,2014-04-01,0.6666666666666666
IDN,2014-07-01,3.3333333333333335
IDN,2014-10-01,2.0
IDN,2015-01-01,1.0
IDN,2015-04-01,4.0
IDN,2015-07-01,1.3333333333333333
IDN,2015-10-01,1.6666666666666667
IDN,2016-01-01,5.0
IDN,2016-04-01,1.0
IDN,2016-07-01,4.0
IDN,2016-10-01,2.0
IDN,2017-01-01,4.333333333333333
IDN,2017-04-01,3.6666666666666665
IDN,2017-07-01,2.3333333333333335
IDN,2017-10-01,0.3333333333333333
IDN,2018-01-01,2.3333333333333335
IDN,2018-04-01,2.3333333333333335
IDN,2018-07-01,2.6666666666666665
IDN,2018-10-01,2.0
IDN,2019-01-01,0.6666666666666666
IDN,2019-04-01,5.0
IDN,2019-07-01,1.0
IDN,2019-10-01,0.6666666666666666
IDN,2020-01-01,1.6666666666666667
IDN,2020-04-01,2.0
IDN,2020-07-01,3.0
IDN,2020-10-01,0.0
IND,1900-01-01,23.666666666666668
IND,1900-04-01,15.666666666666666
IND,1900-07-01,25.0
IND,1900-10-01,9.0
IND,1901-01-01,13.0
IND,1901-04-01,13.666666666666666
IND,1901-07-01,5.666666666666667
IND,1901-10-01,12.0
IND,1902-01-01,10.0
IND,1902-04-01,10.666666666666666
IND,1902-07-01,11.666666666666666
IND,1902-10-01,12.333333333333334
IND,1903-01-01,8.666666666666666
IND,1903-04-01,4.0
IND,1903-07-01,8.0
IND,1903-10-01,10.666666666666666
IND,1904-01-01,15.0
IND,1904-04-01,10.666666666666666
IND,1904-07-01,10.0
IND,1904-10-01,3.0
IND,1905-01-01,10.0
IND,1905-04-01,9.333333333333334
IND,1905-07-01,6.333333333333333
IND,1905-10-01,6.666666666666667
IND,1906-01-01,6.0
IND,1906-04-01,6.333333333333333
IND,1906-07-01,9.0
IND,1906-10-01,7.666666666666667
IND,1907-01-01,7.666666666666667
IND,1907-04-01,5.333333333333333
IND,1907-07-01,6.0
IND,1907-10-01,3.0
IND,1908-01-01,4.666666666666667
IND,1908-04-01,10.333333333333334
IND,1908-07-01,8.666666666666666
IND,1908-10-01,3.3333333333333335
IND,1909-01-01,7.0
IND,1909-04-01,3.6666666666666665
IND,1909-07-01,3.6666666666666665
IND,1909-10-01,6.333333333333333
IND,1910-01-01,5.666666666666667
IND,1910-04-01,7.0
IND,1910-07-01,4.0
IND,1910-10-01,4.0
IND,1911-01-01,8.333333333333334
IND,1911-04-01,5.333333333333333
IND,1911-07-01,7.333333333333333
IND,1911-10-01,11.666666666666666
IND,1912-01-01,5.0
IND,1912-04-01,6.666666666666667
IND,1912-07-01,9.333333333333334
IND,1912-10-01,9.666666666666666
IND,1913-01-01,10.333333333333334
IND,1913-04-01,6.333333333333333
IND,1913-07-01,10.0
IND,1913-10-01,7.666666666666667
IND,1914-01-01,7.0
IND,1914-04-01,14.333333333333334
IND,1914-07-01,28.0
IND,1914-10-01,47.333333333333336
IND,1915-01-01,24.333333333333332
IND,1915-04-01,26.666666666666668
IND,1915-07-01,23.333333333333332
IND,1915-10-01,30.666666666666668
IND,1916-01-01,31.0
IND,1916-04-01,26.333333333333332
IND,1916-07-01,23.666666666666668
IND,1916-10-01,15.666666666666666
IND,1917-01-01,23.0
IND,1917-04-01,26.666666666666668
IND,1917-07-01,28.333333333333332
IND,1917-10-01,14.0
IND,1918-01-01,28.333333333333332
IND,1918-04-01,18.333333333333332
IND,1918-07-01,22.0
IND,1918-10-01,15.666666666666666
IND,1919-01-01,15.0
IND,1919-04-01,14.0
IND,1919-07-01,20.0
IND,1919-10-01,13.666666666666666
IND,1920-01-01,16.0
IND,1920-04-01,14.666666666666666
IND,1920-07-01,14.666666666666666
IND,1920-10-01,5.666666666666667
IND,1921-01-01,6.666666666666667
IND,1921-04-01,5.666666666666667
IND,1921-07-01,9.666666666666666
IND,1921-10-01,11.0
IND,1922-01-01,6.0
IND,1922-04-01,9.666666666666666
IND,1922-07-01,13.0
IND,1922-10-01,4.333333333333333
IND,1923-01-01,8.0
IND,1923-04-01,8.0
IND,1923-07-01,5.666666666666667
IND,1923-10-01,5.0
IND,1924-01-01,7.666666666666667
IND,1924-04-01,9.0
IND,1924-07-01,9.0
IND,1924-10-01,8.333333333333334
IND,1925-01-01,8.666666666666666
IND,1925-04-01,4.666666666666667
IND,1925-07-01,8.333333333333334
IND,1925-10-01,8.0
IND,1926-01-01,4.333333333333333
IND,1926-04-01,7.0
IND,1926-07-01,8.666666666666666
IND,1926-10-01,8.333333333333334
IND,1927-01-01,16.0
IND,1927-04-01,8.333333333333334
IND,1927-07-01,9.666666666666666
IND,1927-10-01,6.333333333333333
IND,1928-01-01,11.666666666666666
IND,1928-04-01,11.0
IND,1928-07-01,10.666666666666666
IND,1928-10-01,10.666666666666666
IND,1929-01-01,22.666666666666668
IND,1929-04-01,12.333333333333334
IND,1929-07-01,7.333333333333333
IND,1929-10-01,12.0
IND,1930-01-01,8.333333333333334
IND,1930-04-01,23.333333333333332
IND,1930-07-01,18.0
IND,1930-10-01,11.0
IND,1931-01-01,12.0
IND,1931-04-01,12.0
IND,1931-07-01,10.333333333333334
IND,1931-10-01,20.333333333333332
IND,1932-01-01,12.333333333333334
IND,1932-04-01,8.666666666666666
IND,1932-07-01,11.0
IND,1932-10-01,7.666666666666667
IND,1933-01-01,5.666666666666667
IND,1933-04-01,7.333333333333333
IND,1933-07-01,7.0
IND,1933-10-01,3.6666666666666665
IND,1934-01-01,5.666666666666667
IND,1934-04-01,9.666666666666666
IND,1934-07-01,8.666666666666666
IND,1934-10-01,7.333333333333333
IND,1935-01-01,8.666666666666666
IND,1935-04-01,7.666666666666667
IND,1935-07-01,26.666666666666668
IND,1935-10-01,23.666666666666668
IND,1936-01-01,8.0
IND,1936-04-01,11.0
IND,1936-07-01,9.0
IND,1936-10-01,8.666666666666666
IND,1937-01-01,12.0
IND,1937-04-01,9.333333333333334
IND,1937-07-01,15.0
IND,1937-10-01,15.333333333333334
IND,1938-01-01,15.666666666666666
IND,1938-04-01,9.666666666666666
IND,1938-07-01,10.666666666666666
IND,1938-10-01,16.666666666666668
IND,1939-01-01,14.666666666666666
IND,1939-04-01,17.666666666666668
IND,1939-07-01,37.333333333333336
IND,1939-10-01,55.0
IND,1940-01-01,28.0
IND,1940-04-01,28.0
IND,1940-07-01,41.333333333333336
IND,1940-10-01,34.0
IND,1941-01-01,32.0
IND,1941-04-01,52.666666666666664
IND,1941-07-01,42.666666666666664
IND,1941-10-01,51.666666666666664
IND,1942-01-01,132.0
IND,1942-04-01,101.66666666666667
IND,1942-07-01,65.0
IND,1942-10-01,65.66666666666667
IND,1943-01-01,68.33333333333333
IND,1943-04-01,80.66666666666667
IND,1943-07-01,66.0
IND,1943-10-01,62.333333333333336
IND,1944-01-01,88.0
IND,1944-04-01,96.0
IND,1944-07-01,66.66666666666667
IND,1944-10-01,74.66666666666667
IND,1945-01-01,72.0
IND,1945-04-01,64.0
IND,1945-07-01,56.333333333333336
IND,1945-10-01,36.333333333333336
IND,1946-01-01,33.333333333333336
IND,1946-04-01,19.333333333333332
IND,1946-07-01,24.0
IND,1946-10-01,25.333333333333332
IND,1947-01-01,15.0
IND,1947-04-01,14.333333333333334
IND,1947-07-01,28.0
IND,1947-10-01,30.0
IND,1948-01-01,18.0
IND,1948-04-01,16.0
IND,1948-07-01,26.333333333333332
IND,1948-10-01,15.666666666666666
IND,1949-01-01,14.333333333333334
IND,1949-04-01,10.0
IND,1949-07-01,15.666666666666666
IND,1949-10-01,17.666666666666668
IND,1950-01-01,15.666666666666666
IND,1950-04-01,16.0
IND,1950-07-01,46.666666666666664
IND,1950-10-01,61.666666666666664
IND,1951-01-01,46.333333333333336
IND,1951-04-01,34.333333333333336
IND,1951-07-01,35.666666666666664
IND,1951-10-01,19.666666666666668
IND,1952-01-01,15.333333333333334
IND,1952-04-01,18.666666666666668
IND,1952-07-01,13.666666666666666
IND,1952-10-01,24.666666666666668
IND,1953-01-01,29.0
IND,1953-04-01,41.666666666666664
IND,1953-07-01,32.666666666666664
IND,1953-10-01,36.333333333333336
IND,1954-01-01,23.666666666666668
IND,1954-04-01,34.0
IND,1954-07-01,23.666666666666668
IND,1954-10-01,21.666666666666668
IND,1955-01-01,33.666666666666664
IND,1955-04-01,29.333333333333332
IND,1955-07-01,20.666666666666668
IND,1955-10-01,27.333333333333332
IND,1956-01-01,38.0
IND,1956-04-01,18.666666666666668
IND,1956-07-01,58.333333333333336
IND,1956-10-01,45.666666666666664
IND,1957-01-01,35.0
IND,1957-04-01,19.0
IND,1957-07-01,22.333333333333332
IND,1957-10-01,31.0
IND,1958-01-01,19.333333333333332
IND,1958-04-01,18.0
IND,1958-07-01,37.666666666666664
IND,1958-10-01,15.666666666666666
IND,1959-01-01,14.0
IND,1959-04-01,16.666666666666668
IND,1959-07-01,28.666666666666668
IND,1959-10-01,29.333333333333332
IND,1960-01-01,14.666666666666666
IND,1960-04-01,27.0
IND,1960-07-01,25.333333333333332
IND,1960-10-01,27.666666666666668
IND,1961-01-01,36.666666666666664
IND,1961-04-01,39.666666666666664
IND,1961-07-01,53.333333333333336
IND,1961-10-01,67.66666666666667
IND,1962-01-01,35.333333333333336
IND,1962-04-01,37.0
IND,1962-07-01,37.0
IND,1962-10-01,118.33333333333333
IND,1963-01-01,28.666666666666668
IND,1963-04-01,31.666666666666668
IND,1963-07-01,50.666666666666664
IND,1963-10-01,30.333333333333332
IND,1964-01-01,21.666666666666668
IND,1964-04-01,31.666666666666668
IND,1964-07-01,31.0
IND,1964-10-01,34.0
IND,1965-01-01,23.666666666666668
IND,1965-04-01,38.666666666666664
IND,1965-07-01,96.33333333333333
IND,1965-10-01,44.333333333333336
IND,1966-01-01,43.333333333333336
IND,1966-04-01,27.333333333333332
IND,1966-07-01,30.0
IND,1966-10-01,23.333333333333332
IND,1967-01-01,21.666666666666668
IND,1967-04-01,46.333333333333336
IND,1967-07-01,30.333333333333332
IND,1967-10-01,27.666666666666668
IND,1968-01-01,32.0
IND,1968-04-01,25.666666666666668
IND,1968-07-01,21.666666666666668
IND,1968-10-01,10.666666666666666
IND,1969-01-01,21.0
IND,1969-04-01,11.333333333333334
IND,1969-07-01,18.666666666666668
IND,1969-10-01,9.333333333333334
IND,1970-01-01,14.666666666666666
IND,1970-04-01,13.333333333333334
IND,1970-07-01,22.0
IND,1970-10-01,13.666666666666666
IND,1971-01-01,20.333333333333332
IND,1971-04-01,37.333333333333336
IND,1971-07-01,25.666666666666668
IND,1971-10-01,106.0
IND,1972-01-01,27.666666666666668
IND,1972-04-01,21.666666666666668
IND,1972-07-01,14.0
IND,1972-10-01,8.0
IND,1973-01-01,27.666666666666668
IND,1973-04-01,15.333333333333334
IND,1973-07-01,17.666666666666668
IND,1973-10-01,22.333333333333332
IND,1974-01-01,16.0
IND,1974-04-01,28.666666666666668
IND,1974-07-01,26.0
IND,1974-10-01,22.0
IND,1975-01-01,34.333333333333336
IND,1975-04-01,17.0
IND,1975-07-01,18.0
IND,1975-10-01,17.0
IND,1976-01-01,21.666666666666668
IND,1976-04-01,26.0
IND,1976-07-01,26.0
IND,1976-10-01,22.0
IND,1977-01-01,16.0
IND,1977-04-01,19.666666666666668
IND,1977-07-01,21.666666666666668
IND,1977-10-01,29.0
IND,1978-01-01,21.333333333333332
IND,1978-04-01,27.666666666666668
IND,1978-07-01,13.0
IND,1978-10-01,16.666666666666668
IND,1979-01-01,24.0
IND,1979-04-01,21.333333333333332
IND,1979-07-01,21.0
IND,1979-10-01,30.333333333333332
IND,1980-01-01,77.0
IND,1980-04-01,38.666666666666664
IND,1980-07-01,41.666666666666664
IND,1980-10-01,34.333333333333336
IND,1981-01-01,27.666666666666668
IND,1981-04-01,36.333333333333336
IND,1981-07-01,22.333333333333332
IND,1981-10-01,20.333333333333332
IND,1982-01-01,23.333333333333332
IND,1982-04-01,23.333333333333332
IND,1982-07-01,21.666666666666668
IND,1982-10-01,19.666666666666668
IND,1983-01-01,21.0
IND,1983-04-01,24.666666666666668
IND,1983-07-01,23.333333333333332
IND,1983-10-01,41.666666666666664
IND,1984-01-01,25.0
IND,1984-04-01,49.0
IND,1984-07-01,35.0
IND,1984-10-01,31.333333333333332
IND,1985-01-01,21.666666666666668
IND,1985-04-01,39.0
IND,1985-07-01,40.666666666666664
IND,1985-10-01,18.666666666666668
IND,1986-01-01,30.0
IND,1986-04-01,31.0
IND,1986-07-01,32.666666666666664
IND,1986-10-01,32.333333333333336
IND,1987-01-01,33.333333333333336
IND,1987-04-01,39.333333333333336
IND,1987-07-01,34.666666666666664
IND,1987-10-01,32.666666666666664
IND,1988-01-01,14.333333333333334
IND,1988-04-01,28.0
IND,1988-07-01,18.666666666666668
IND,1988-10-01,18.333333333333332
IND,1989-01-01,16.666666666666668
IND,1989-04-01,18.666666666666668
IND,1989-07-01,11.666666666666666
IND,1989-10-01,13.666666666666666
IND,1990-01-01,15.0
IND,1990-04-01,20.666666666666668
IND,1990-07-01,44.333333333333336
IND,1990-10-01,24.333333333333332
IND,1991-01-01,25.666666666666668
IND,1991-04-01,18.666666666666668
IND,1991-07-01,8.333333333333334
IND,1991-10-01,15.0
IND,1992-01-01,22.666666666666668
IND,1992-04-01,17.666666666666668
IND,1992-07-01,17.0
IND,1992-10-01,14.0
IND,1993-01-01,21.666666666666668
IND,1993-04-01,21.0
IND,1993-07-01,17.0
IND,1993-10-01,13.333333333333334
IND,1994-01-01,28.333333333333332
IND,1994-04-01,17.333333333333332
IND,1994-07-01,11.666666666666666
IND,1994-10-01,15.333333333333334
IND,1995-01-01,12.666666666666666
IND,1995-04-01,19.333333333333332
IND,1995-07-01,17.666666666666668
IND,1995-10-01,16.333333333333332
IND,1996-01-01,14.0
IND,1996-04-01,17.333333333333332
IND,1996-07-01,20.333333333333332
IND,1996-10-01,10.666666666666666
IND,1997-01-01,8.666666666666666
IND,1997-04-01,7.0
IND,1997-07-01,7.333333333333333
IND,1997-10-01,10.0
IND,1998-01-01,16.666666666666668
IND,1998-04-01,74.33333333333333
IND,1998-07-01,36.666666666666664
IND,1998-10-01,19.0
IND,1999-01-01,17.0
IND,1999-04-01,20.666666666666668
IND,1999-07-01,25.666666666666668
IND,1999-10-01,37.0
IND,2000-01-01,28.666666666666668
IND,2000-04-01,31.333333333333332
IND,2000-07-01,25.666666666666668
IND,2000-10-01,19.0
IND,2001-01-01,18.0
IND,2001-04-01,15.333333333333334
IND,2001-07-01,46.666666666666664
IND,2001-10-01,93.33333333333333
IND,2002-01-01,58.333333333333336
IND,2002-04-01,60.333333333333336
IND,2002-07-01,37.0
IND,2002-10-01,40.333333333333336
IND,2003-01-01,46.666666666666664
IND,2003-04-01,39.0
IND,2003-07-01,42.666666666666664
IND,2003-10-01,31.0
IND,2004-01-01,44.333333333333336
IND,2004-04-01,33.666666666666664
IND,2004-07-01,40.0
IND,2004-10-01,27.0
IND,2005-01-01,28.333333333333332
IND,2005-04-01,22.333333333333332
IND,2005-07-01,32.0
IND,2005-10-01,22.333333333333332
IND,2006-01-01,38.333333333333336
IND,2006-04-01,22.0
IND,2006-07-01,34.0
IND,2006-10-01,29.0
IND,2007-01-01,18.666666666666668
IND,2007-04-01,20.0
IND,2007-07-01,28.333333333333332
IND,2007-10-01,30.0
IND,2008-01-01,21.0
IND,2008-04-01,17.0
IND,2008-07-01,32.333333333333336
IND,2008-10-01,46.333333333333336
IND,2009-01-01,25.666666666666668
IND,2009-04-01,24.666666666666668
IND,2009-07-01,18.333333333333332
IND,2009-10-01,29.333333333333332
IND,2010-01-01,19.666666666666668
IND,2010-04-01,22.666666666666668
IND,2010-07-01,18.0
IND,2010-10-01,19.0
IND,2011-01-01,17.0
IND,2011-04-01,18.666666666666668
IND,2011-07-01,14.666666666666666
IND,2011-10-01,15.0
IND,2012-01-01,21.666666666666668
IND,2012-04-01,15.0
IND,2012-07-01,18.333333333333332
IND,2012-10-01,9.0
IND,2013-01-01,11.333333333333334
IND,2013-04-01,13.0
IND,2013-07-01,10.333333333333334
IND,2013-10-01,12.666666666666666
IND,2014-01-01,14.666666666666666
IND,2014-04-01,9.666666666666666
IND,2014-07-01,12.666666666666666
IND,2014-10-01,16.333333333333332
IND,2015-01-01,14.666666666666666
IND,2015-04-01,12.0
IND,2015-07-01,9.333333333333334
IND,2015-10-01,19.0
IND,2016-01-01,12.666666666666666
IND,2016-04-01,9.0
IND,2016-07-01,17.666666666666668
IND,2016-10-01,14.666666666666666
IND,2017-01-01,15.0
IND,2017-04-01,14.0
IND,2017-07-01,17.0
IND,2017-10-01,9.0
IND,2018-01-01,7.333333333333333
IND,2018-04-01,10.333333333333334
IND,2018-07-01,10.333333333333334
IND,2018-10-01,8.333333333333334
IND,2019-01-01,14.333333333333334
IND,2019-04-01,19.333333333333332
IND,2019-07-01,21.666666666666668
IND,2019-10-01,8.666666666666666
IND,2020-01-01,12.333333333333334
IND,2020-04-01,18.0
IND,2020-07-01,11.333333333333334
IND,2020-10-01,10.666666666666666
PHL,1900-01-01,43.0
PHL,1900-04-01,33.333333333333336
PHL,1900-07-01,39.0
PHL,1900-10-01,23.333333333333332
PHL,1901-01-01,22.666666666666668
PHL,1901-04-01,13.0
PHL,1901-07-01,9.666666666666666
PHL,1901-10-01,19.666666666666668
PHL,1902-01-01,13.333333333333334
PHL,1902-04-01,26.333333333333332
PHL,1902-07-01,17.0
PHL,1902-10-01,11.0
PHL,1903-01-01,10.0
PHL,1903-04-01,7.666666666666667
PHL,1903-07-01,5.333333333333333
PHL,1903-10-01,7.666666666666667
PHL,1904-01-01,13.0
PHL,1904-04-01,4.333333333333333
PHL,1904-07-01,5.0
PHL,1904-10-01,4.333333333333333
PHL,1905-01-01,5.333333333333333
PHL,1905-04-01,9.666666666666666
PHL,1905-07-01,4.333333333333333
PHL,1905-10-01,5.333333333333333
PHL,1906-01-01,9.666666666666666
PHL,1906-04-01,1.6666666666666667
PHL,1906-07-01,8.666666666666666
PHL,1906-10-01,7.333333333333333
PHL,1907-01-01,2.0
PHL,1907-04-01,5.666666666666667
PHL,1907-07-01,9.666666666666666
PHL,1907-10-01,5.0
PHL,1908-01-01,6.0
PHL,1908-04-01,4.333333333333333
PHL,1908-07-01,6.333333333333333
PHL,1908-10-01,3.6666666666666665
PHL,1909-01-01,2.0
PHL,1909-04-01,5.333333333333333
PHL,1909-07-01,2.0
PHL,1909-10-01,1.6666666666666667
PHL,1910-01-01,4.333333333333333
PHL,1910-04-01,2.0
PHL,1910-07-01,3.0
PHL,1910-10-01,4.333333333333333
PHL,1911-01-01,4.666666666666667
PHL,1911-04-01,4.0
PHL,1911-07-01,2.3333333333333335
PHL,1911-10-01,6.333333333333333
PHL,1912-01-01,5.0
PHL,1912-04-01,2.6666666666666665
PHL,1912-07-01,1.3333333333333333
PHL,1912-10-01,2.3333333333333335
PHL,1913-01-01,6.666666666666667
PHL,1913-04-01,4.0
PHL,1913-07-01,1.6666666666666667
PHL,1913-10-01,4.333333333333333
PHL,1914-01-01,4.666666666666667
PHL,1914-04-01,8.0
PHL,1914-07-01,11.333333333333334
PHL,1914-10-01,15.0
PHL,1915-01-01,6.0
PHL,1915-04-01,3.3333333333333335
PHL,1915-07-01,7.0
PHL,1915-10-01,8.0
PHL,1916-01-01,15.0
PHL,1916-04-01,6.666666666666667
PHL,1916-07-01,9.333333333333334
PHL,1916-10-01,4.333333333333333
PHL,1917-01-01,10.0
PHL,1917-04-01,4.333333333333333
PHL,1917-07-01,5.666666666666667
PHL,1917-10-01,5.0
PHL,1918-01-01,4.0
PHL,1918-04-01,4.0
PHL,1918-07-01,4.333333333333333
PHL,1918-10-01,3.0
PHL,1919-01-01,3.6666666666666665
PHL,1919-04-01,3.3333333333333335
PHL,1919-07-01,6.0
PHL,1919-10-01,3.0
PHL,1920-01-01,2.6666666666666665
PHL,1920-04-01,2.0
PHL,1920-07-01,2.6666666666666665
PHL,1920-10-01,4.0
PHL,1921-01-01,1.6666666666666667
PHL,1921-04-01,4.0
PHL,1921-07-01,1.3333333333333333
PHL,1921-10-01,7.666666666666667
PHL,1922-01-01,4.666666666666667
PHL,1922-04-01,1.6666666666666667
PHL,1922-07-01,1.6666666666666667
PHL,1922-10-01,0.3333333333333333
PHL,1923-01-01,1.3333333333333333
PHL,1923-04-01,3.6666666666666665
PHL,1923-07-01,4.333333333333333
PHL,1923-10-01,5.0
PHL,1924-01-01,4.0
PHL,1924-04-01,3.6666666666666665
PHL,1924-07-01,3.3333333333333335
PHL,1924-10-01,5.333333333333333
PHL,1925-01-01,2.6666666666666665
PHL,1925-04-01,2.3333333333333335
PHL,1925-07-01,2.3333333333333335
PHL,1925-10-01,2.0
PHL,1926-01-01,1.3333333333333333
PHL,1926-04-01,4.333333333333333
PHL,1926-07-01,3.0
PHL,1926-10-01,2.3333333333333335
PHL,1927-01-01,6.0
PHL,1927-04-01,6.0
PHL,1927-07-01,3.0
PHL,1927-10-01,1.3333333333333333
PHL,1928-01-01,2.6666666666666665
PHL,1928-04-01,5.666666666666667
PHL,1928-07-01,4.0
PHL,1928-10-01,4.666666666666667
PHL,1929-01-01,5.333333333333333
PHL,1929-04-01,4.666666666666667
PHL,1929-07-01,5.666666666666667
PHL,1929-10-01,6.333333333333333
PHL,1930-01-01,5.333333333333333
PHL,1930-04-01,4.666666666666667
PHL,1930-07-01,1.6666666666666667
PHL,1930-10-01,2.3333333333333335
PHL,1931-01-01,3.0
PHL,1931-04-01,3.0
PHL,1931-07-01,2.6666666666666665
PHL,1931-10-01,4.333333333333333
PHL,1932-01-01,16.0
PHL,1932-04-01,5.0
PHL,1932-07-01,1.0
PHL,1932-10-01,3.0
PHL,1933-01-01,2.3333333333333335
PHL,1933-04-01,2.3333333333333335
PHL,1933-07-01,1.6666666666666667
PHL,1933-10-01,1.3333333333333333
PHL,1934-01-01,2.0
PHL,1934-04-01,3.3333333333333335
PHL,1934-07-01,1.0
PHL,1934-10-01,4.666666666666667
PHL,1935-01-01,2.3333333333333335
PHL,1935-04-01,4.0
PHL,1935-07-01,2.6666666666666665
PHL,1935-10-01,6.666666666666667
PHL,1936-01-01,5.333333333333333
PHL,1936-04-01,5.333333333333333
PHL,1936-07-01,5.333333333333333
PHL,1936-10-01,6.0
PHL,1937-01-01,2.6666666666666665
PHL,1937-04-01,3.3333333333333335
PHL,1937-07-01,14.333333333333334
PHL,1937-10-01,9.666666666666666
PHL,1938-01-01,9.0
PHL,1938-04-01,6.333333333333333
PHL,1938-07-01,4.666666666666667
PHL,1938-10-01,6.666666666666667
PHL,1939-01-01,10.0
PHL,1939-04-01,8.666666666666666
PHL,1939-07-01,11.666666666666666
PHL,1939-10-01,14.333333333333334
PHL,1940-01-01,7.333333333333333
PHL,1940-04-01,12.666666666666666
PHL,1940-07-01,15.0
PHL,1940-10-01,14.666666666666666
PHL,1941-01-01,16.666666666666668
PHL,1941-04-01,12.0
PHL,1941-07-01,20.666666666666668
PHL,1941-10-01,103.66666666666667
PHL,1942-01-01,152.33333333333334
PHL,1942-04-01,86.33333333333333
PHL,1942-07-01,21.0
PHL,1942-10-01,18.666666666666668
PHL,1943-01-01,11.666666666666666
PHL,1943-04-01,17.0
PHL,1943-07-01,17.333333333333332
PHL,1943-10-01,19.0
PHL,1944-01-01,16.666666666666668
PHL,1944-04-01,38.333333333333336
PHL,1944-07-01,44.333333333333336
PHL,1944-10-01,101.0
PHL,1945-01-01,121.0
PHL,1945-04-01,90.33333333333333
PHL,1945-07-01,76.33333333333333
PHL,1945-10-01,22.666666666666668
PHL,1946-01-01,17.333333333333332
PHL,1946-04-01,12.666666666666666
PHL,1946-07-01,12.666666666666666
PHL,1946-10-01,9.0
PHL,1947-01-01,8.333333333333334
PHL,1947-04-01,5.0
PHL,1947-07-01,6.333333333333333
PHL,1947-10-01,6.0
PHL,1948-01-01,7.0
PHL,1948-04-01,3.3333333333333335
PHL,1948-07-01,2.3333333333333335
PHL,1948-10-01,6.0
PHL,1949-01-01,7.666666666666667
PHL,1949-04-01,4.333333333333333
PHL,1949-07-01,14.0
PHL,1949-10-01,12.333333333333334
PHL,1950-01-01,11.333333333333334
PHL,1950-04-01,17.666666666666668
PHL,1950-07-01,29.0
PHL,1950-10-01,33.666666666666664
PHL,1951-01-01,16.0
PHL,1951-04-01,27.333333333333332
PHL,1951-07-01,11.666666666666666
PHL,1951-10-01,9.333333333333334
PHL,1952-01-01,13.0
PHL,1952-04-01,12.666666666666666
PHL,1952-07-01,6.666666666666667
PHL,1952-10-01,5.666666666666667
PHL,1953-01-01,13.666666666666666
PHL,1953-04-01,18.666666666666668
PHL,1953-07-01,8.666666666666666
PHL,1953-10-01,5.333333333333333
PHL,1954-01-01,4.666666666666667
PHL,1954-04-01,15.333333333333334
PHL,1954-07-01,15.666666666666666
PHL,1954-10-01,11.666666666666666
PHL,1955-01-01,23.333333333333332
PHL,1955-04-01,9.666666666666666
PHL,1955-07-01,5.666666666666667
PHL,1955-10-01,5.0
PHL,1956-01-01,9.333333333333334
PHL,1956-04-01,4.0
PHL,1956-07-01,3.3333333333333335
PHL,1956-10-01,2.6666666666666665
PHL,1957-01-01,7.666666666666667
PHL,1957-04-01,5.0
PHL,1957-07-01,4.333333333333333
PHL,1957-10-01,4.666666666666667
PHL,1958-01-01,6.0
PHL,1958-04-01,8.0
PHL,1958-07-01,8.666666666666666
PHL,1958-10-01,4.666666666666667
PHL,1959-01-01,1.3333333333333333
PHL,1959-04-01,2.3333333333333335
PHL,1959-07-01,3.3333333333333335
PHL,1959-10-01,2.0
PHL,1960-01-01,1.3333333333333333
PHL,1960-04-01,9.666666666666666
PHL,1960-07-01,4.333333333333333
PHL,1960-10-01,4.0
PHL,1961-01-01,8.666666666666666
PHL,1961-04-01,6.0
PHL,1961-07-01,3.6666666666666665
PHL,1961-10-01,8.666666666666666
PHL,1962-01-01,4.333333333333333
PHL,1962-04-01,8.666666666666666
PHL,1962-07-01,7.666666666666667
PHL,1962-10-01,8.666666666666666
PHL,1963-01-01,4.333333333333333
PHL,1963-04-01,4.666666666666667
PHL,1963-07-01,15.333333333333334
PHL,1963-10-01,3.6666666666666665
PHL,1964-01-01,11.333333333333334
PHL,1964-04-01,14.0
PHL,1964-07-01,7.666666666666667
PHL,1964-10-01,7.666666666666667
PHL,1965-01-01,7.666666666666667
PHL,1965-04-01,6.333333333333333
PHL,1965-07-01,5.0
PHL,1965-10-01,6.666666666666667
PHL,1966-01-01,11.666666666666666
PHL,1966-04-01,5.666666666666667
PHL,1966-07-01,8.333333333333334
PHL,1966-10-01,19.333333333333332
PHL,1967-01-01,8.0
PHL,1967-04-01,8.0
PHL,1967-07-01,9.666666666666666
PHL,1967-10-01,10.0
PHL,1968-01-01,6.333333333333333
PHL,1968-04-01,4.333333333333333
PHL,1968-07-01,4.666666666666667
PHL,1968-10-01,6.0
PHL,1969-01-01,7.666666666666667
PHL,1969-04-01,8.0
PHL,1969-07-01,9.666666666666666
PHL,1969-10-01,5.333333333333333
PHL,1970-01-01,4.666666666666667
PHL,1970-04-01,3.6666666666666665
PHL,1970-07-01,7.333333333333333
PHL,1970-10-01,2.3333333333333335
PHL,1971-01-01,2.3333333333333335
PHL,1971-04-01,5.333333333333333
PHL,1971-07-01,8.0
PHL,1971-10-01,3.0
PHL,1972-01-01,5.0
PHL,1972-04-01,5.333333333333333
PHL,1972-07-01,7.333333333333333
PHL,1972-10-01,7.333333333333333
PHL,1973-01-01,11.0
PHL,1973-04-01,4.0
PHL,1973-07-01,5.0
PHL,1973-10-01,4.0
PHL,1974-01-01,9.333333333333334
PHL,1974-04-01,4.0
PHL,1974-07-01,3.0
PHL,1974-10-01,1.0
PHL,1975-01-01,4.0
PHL,1975-04-01,7.666666666666667
PHL,1975-07-01,5.666666666666667
PHL,1975-10-01,5.0
PHL,1976-01-01,1.0
PHL,1976-04-01,9.0
PHL,1976-07-01,5.0
PHL,1976-10-01,6.0
PHL,1977-01-01,3.0
PHL,1977-04-01,4.333333333333333
PHL,1977-07-01,5.333333333333333
PHL,1977-10-01,7.0
PHL,1978-01-01,3.6666666666666665
PHL,1978-04-01,4.666666666666667
PHL,1978-07-01,2.3333333333333335
PHL,1978-10-01,5.0
PHL,1979-01-01,8.666666666666666
PHL,1979-04-01,8.0
PHL,1979-07-01,7.0
PHL,1979-10-01,7.666666666666667
PHL,1980-01-01,9.0
PHL,1980-04-01,4.333333333333333
PHL,1980-07-01,7.333333333333333
PHL,1980-10-01,9.666666666666666
PHL,1981-01-01,5.666666666666667
PHL,1981-04-01,10.333333333333334
PHL,1981-07-01,4.666666666666667
PHL,1981-10-01,3.3333333333333335
PHL,1982-01-01,4.666666666666667
PHL,1982-04-01,3.3333333333333335
PHL,1982-07-01,4.333333333333333
PHL,1982-10-01,5.333333333333333
PHL,1983-01-01,2.3333333333333335
PHL,1983-04-01,6.333333333333333
PHL,1983-07-01,9.0
PHL,1983-10-01,11.333333333333334
PHL,1984-01-01,4.333333333333333
PHL,1984-04-01,8.666666666666666
PHL,1984-07-01,5.333333333333333
PHL,1984-10-01,7.0
PHL,1985-01-01,7.333333333333333
PHL,1985-04-01,5.0
PHL,1985-07-01,7.0
PHL,1985-10-01,8.666666666666666
PHL,1986-01-01,29.666666666666668
PHL,1986-04-01,19.333333333333332
PHL,1986-07-01,18.0
PHL,1986-10-01,24.0
PHL,1987-01-01,21.333333333333332
PHL,1987-04-01,11.666666666666666
PHL,1987-07-01,28.0
PHL,1987-10-01,13.666666666666666
PHL,1988-01-01,11.0
PHL,1988-04-01,11.333333333333334
PHL,1988-07-01,3.3333333333333335
PHL,1988-10-01,4.333333333333333
PHL,1989-01-01,4.666666666666667
PHL,1989-04-01,5.666666666666667
PHL,1989-07-01,4.666666666666667
PHL,1989-10-01,17.666666666666668
PHL,1990-01-01,8.333333333333334
PHL,1990-04-01,5.666666666666667
PHL,1990-07-01,17.333333333333332
PHL,1990-10-01,3.6666666666666665
PHL,1991-01-01,9.333333333333334
PHL,1991-04-01,4.666666666666667
PHL,1991-07-01,9.0
PHL,1991-10-01,4.0
PHL,1992-01-01,4.0
PHL,1992-04-01,2.3333333333333335
PHL,1992-07-01,2.6666666666666665
PHL,1992-10-01,3.3333333333333335
PHL,1993-01-01,1.0
PHL,1993-04-01,1.6666666666666667
PHL,1993-07-01,2.6666666666666665
PHL,1993-10-01,1.3333333333333333
PHL,1994-01-01,1.3333333333333333
PHL,1994-04-01,2.0
PHL,1994-07-01,1.0
PHL,1994-10-01,3.0
PHL,1995-01-01,1.6666666666666667
PHL,1995-04-01,8.0
PHL,1995-07-01,1.0
PHL,1995-10-01,2.0
PHL,1996-01-01,2.6666666666666665
PHL,1996-04-01,1.6666666666666667
PHL,1996-07-01,1.3333333333333333
PHL,1996-10-01,5.333333333333333
PHL,1997-01-01,1.3333333333333333
PHL,1997-04-01,1.0
PHL,1997-07-01,1.6666666666666667
PHL,1997-10-01,1.3333333333333333
PHL,1998-01-01,0.3333333333333333
PHL,1998-04-01,2.0
PHL,1998-07-01,5.0
PHL,1998-10-01,3.0
PHL,1999-01-01,4.333333333333333
PHL,1999-04-01,2.3333333333333335
PHL,1999-07-01,5.333333333333333
PHL,1999-10-01,2.6666666666666665
PHL,2000-01-01,3.6666666666666665
PHL,2000-04-01,9.0
PHL,2000-07-01,11.0
PHL,2000-10-01,3.3333333333333335
PHL,2001-01-01,2.0
PHL,2001-04-01,9.0
PHL,2001-07-01,7.666666666666667
PHL,2001-10-01,14.666666666666666
PHL,2002-01-01,19.666666666666668
PHL,2002-04-01,9.666666666666666
PHL,2002-07-01,11.0
PHL,2002-10-01,14.333333333333334
PHL,2003-01-01,18.666666666666668
PHL,2003-04-01,15.0
PHL,2003-07-01,8.666666666666666
PHL,2003-10-01,8.0
PHL,2004-01-01,5.666666666666667
PHL,2004-04-01,6.666666666666667
PHL,2004-07-01,20.333333333333332
PHL,2004-10-01,7.0
PHL,2005-01-01,8.666666666666666
PHL,2005-04-01,3.0
PHL,2005-07-01,4.666666666666667
PHL,2005-10-01,1.6666666666666667
PHL,2006-01-01,2.3333333333333335
PHL,2006-04-01,2.3333333333333335
PHL,2006-07-01,3.3333333333333335
PHL,2006-10-01,2.3333333333333335
PHL,2007-01-01,5.0
PHL,2007-04-01,3.0
PHL,2007-07-01,3.6666666666666665
PHL,2007-10-01,3.3333333333333335
PHL,2008-01-01,1.3333333333333333
PHL,2008-04-01,2.3333333333333335
PHL,2008-07-01,3.6666666666666665
PHL,2008-10-01,1.0
PHL,2009-01-01,1.0
PHL,2009-04-01,1.3333333333333333
PHL,2009-07-01,2.3333333333333335
PHL,2009-10-01,3.3333333333333335
PHL,2010-01-01,1.6666666666666667
PHL,2010-04-01,1.6666666666666667
PHL,2010-07-01,2.6666666666666665
PHL,2010-10-01,1.3333333333333333
PHL,2011-01-01,1.3333333333333333
PHL,2011-04-01,2.3333333333333335
PHL,2011-07-01,1.3333333333333333
PHL,2011-10-01,2.3333333333333335
PHL,2012-01-01,1.6666666666666667
PHL,2012-04-01,4.333333333333333
PHL,2012-07-01,4.333333333333333
PHL,2012-10-01,5.666666666666667
PHL,2013-01-01,3.3333333333333335
PHL,2013-04-01,4.0
PHL,2013-07-01,3.3333333333333335
PHL,2013-10-01,3.3333333333333335
PHL,2014-01-01,2.6666666666666665
PHL,2014-04-01,6.0
PHL,2014-07-01,5.333333333333333
PHL,2014-10-01,3.3333333333333335
PHL,2015-01-01,1.6666666666666667
PHL,2015-04-01,3.6666666666666665
PHL,2015-07-01,1.3333333333333333
PHL,2015-10-01,6.0
PHL,2016-01-01,3.6666666666666665
PHL,2016-04-01,6.333333333333333
PHL,2016-07-01,6.0
PHL,2016-10-01,6.666666666666667
PHL,2017-01-01,7.333333333333333
PHL,2017-04-01,10.666666666666666
PHL,2017-07-01,7.666666666666667
PHL,2017-10-01,6.0
PHL,2018-01-01,1.3333333333333333
PHL,2018-04-01,4.0
PHL,2018-07-01,3.0
PHL,2018-10-01,3.0
PHL,2019-01-01,4.333333333333333
PHL,2019-04-01,3.3333333333333335
PHL,2019-07-01,3.0
PHL,2019-10-01,3.6666666666666665
PHL,2020-01-01,4.333333333333333
PHL,2020-04-01,2.6666666666666665
PHL,2020-07-01,3.0
PHL,2020-10-01,2.3333333333333335
USA,1900-01-01,191.0
USA,1900-04-01,159.0
USA,1900-07-01,226.0
USA,1900-10-01,110.66666666666667
USA,1901-01-01,108.0
USA,1901-04-01,84.33333333333333
USA,1901-07-01,103.33333333333333
USA,1901-10-01,105.0
USA,1902-01-01,95.0
USA,1902-04-01,98.0
USA,1902-07-01,121.33333333333333
USA,1902-10-01,109.33333333333333
USA,1903-01-01,110.0
USA,1903-04-01,79.33333333333333
USA,1903-07-01,125.33333333333333
USA,1903-10-01,142.33333333333334
USA,1904-01-01,227.66666666666666
USA,1904-04-01,143.66666666666666
USA,1904-07-01,155.33333333333334
USA,1904-10-01,101.0
USA,1905-01-01,136.33333333333334
USA,1905-04-01,113.33333333333333
USA,1905-07-01,117.66666666666667
USA,1905-10-01,95.0
USA,1906-01-01,85.33333333333333
USA,1906-04-01,76.66666666666667
USA,1906-07-01,118.66666666666667
USA,1906-10-01,78.66666666666667
USA,1907-01-01,90.66666666666667
USA,1907-04-01,92.0
USA,1907-07-01,95.33333333333333
USA,1907-10-01,64.66666666666667
USA,1908-01-01,77.66666666666667
USA,1908-04-01,70.0
USA,1908-07-01,67.33333333333333
USA,1908-10-01,87.0
USA,1909-01-01,71.33333333333333
USA,1909-04-01,71.0
USA,1909-07-01,69.66666666666667
USA,1909-10-01,73.33333333333333
USA,1910-01-01,77.66666666666667
USA,1910-04-01,73.0
USA,1910-07-01,75.33333333333333
USA,1910-10-01,80.66666666666667
USA,1911-01-01,130.0
USA,1911-04-01,108.33333333333333
USA,1911-07-01,127.0
USA,1911-10-01,153.66666666666666
USA,1912-01-01,113.33333333333333
USA,1912-04-01,101.66666666666667
USA,1912-07-01,109.66666666666667
USA,1912-10-01,196.33333333333334
USA,1913-01-01,129.66666666666666
USA,1913-04-01,96.66666666666667
USA,1913-07-01,136.0
USA,1913-10-01,116.66666666666667
USA,1914-01-01,152.66666666666666
USA,1914-04-01,280.0
USA,1914-07-01,810.6666666666666
USA,1914-10-01,765.3333333333334
USA,1915-01-01,639.0
USA,1915-04-01,710.3333333333334
USA,1915-07-01,716.6666666666666
USA,1915-10-01,611.6666666666666
USA,1916-01-01,572.0
USA,1916-04-01,644.6666666666666
USA,1916-07-01,668.0
USA,1916-10-01,560.3333333333334
USA,1917-01-01,699.6666666666666
USA,1917-04-01,687.3333333333334
USA,1917-07-01,727.6666666666666
USA,1917-10-01,703.6666666666666
USA,1918-01-01,735.6666666666666
USA,1918-04-01,839.0
USA,1918-07-01,869.6666666666666
USA,1918-10-01,565.0
USA,1919-01-01,439.3333333333333
USA,1919-04-01,389.0
USA,1919-07-01,348.6666666666667
USA,1919-10-01,317.3333333333333
USA,1920-01-01,249.33333333333334
USA,1920-04-01,221.33333333333334
USA,1920-07-01,204.33333333333334
USA,1920-10-01,193.66666666666666
USA,1921-01-01,162.33333333333334
USA,1921-04-01,192.0
USA,1921-07-01,163.33333333333334
USA,1921-10-01,199.0
USA,1922-01-01,158.33333333333334
USA,1922-04-01,181.33333333333334
USA,1922-07-01,193.0
USA,1922-10-01,144.66666666666666
USA,1923-01-01,180.0
USA,1923-04-01,143.33333333333334
USA,1923-07-01,153.33333333333334
USA,1923-10-01,131.66666666666666
USA,1924-01-01,132.0
USA,1924-04-01,116.66666666666667
USA,1924-07-01,182.33333333333334
USA,1924-10-01,140.0
USA,1925-01-01,115.33333333333333
USA,1925-04-01,145.0
USA,1925-07-01,141.66666666666666
USA,1925-10-01,130.33333333333334
USA,1926-01-01,87.66666666666667
USA,1926-04-01,140.0
USA,1926-07-01,122.66666666666667
USA,1926-10-01,120.66666666666667
USA,1927-01-01,206.66666666666666
USA,1927-04-01,152.66666666666666
USA,1927-07-01,123.66666666666667
USA,1927-10-01,157.66666666666666
USA,1928-01-01,156.33333333333334
USA,1928-04-01,138.33333333333334
USA,1928-07-01,117.66666666666667
USA,1928-10-01,126.0
USA,1929-01-01,159.33333333333334
USA,1929-04-01,139.66666666666666
USA,1929-07-01,164.0
USA,1929-10-01,137.0
USA,1930-01-01,143.0
USA,1930-04-01,142.0
USA,1930-07-01,147.0
USA,1930-10-01,183.66666666666666
USA,1931-01-01,136.0
USA,1931-04-01,152.33333333333334
USA,1931-07-01,153.0
USA,1931-10-01,223.0
USA,1932-01-01,309.0
USA,1932-04-01,166.66666666666666
USA,1932-07-01,211.0
USA,1932-10-01,161.0
USA,1933-01-01,249.33333333333334
USA,1933-04-01,192.66666666666666
USA,1933-07-01,145.33333333333334
USA,1933-10-01,168.0
USA,1934-01-01,160.66666666666666
USA,1934-04-01,195.33333333333334
USA,1934-07-01,224.66666666666666
USA,1934-10-01,192.33333333333334
USA,1935-01-01,201.33333333333334
USA,1935-04-01,184.33333333333334
USA,1935-07-01,345.0
USA,1935-10-01,460.6666666666667
USA,1936-01-01,314.3333333333333
USA,1936-04-01,253.0
USA,1936-07-01,388.3333333333333
USA,1936-10-01,369.6666666666667
USA,1937-01-01,282.3333333333333
USA,1937-04-01,251.66666666666666
USA,1937-07-01,371.0
USA,1937-10-01,344.3333333333333
USA,1938-01-01,319.0
USA,1938-04-01,300.6666666666667
USA,1938-07-01,416.6666666666667
USA,1938-10-01,331.0
USA,1939-01-01,373.6666666666667
USA,1939-04-01,402.0
USA,1939-07-01,878.3333333333334
USA,1939-10-01,1033.6666666666667
USA,1940-01-01,675.0
USA,1940-04-01,901.6666666666666
USA,1940-07-01,727.3333333333334
USA,1940-10-01,669.0
USA,1941-01-01,752.3333333333334
USA,1941-04-01,860.6666666666666
USA,1941-07-01,792.6666666666666
USA,1941-10-01,1066.0
USA,1942-01-01,1172.3333333333333
USA,1942-04-01,1010.3333333333334
USA,1942-07-01,1041.3333333333333
USA,1942-10-01,1126.3333333333333
USA,1943-01-01,1050.6666666666667
USA,1943-04-01,1066.3333333333333
USA,1943-07-01,1178.0
USA,1943-10-01,994.3333333333334
USA,1944-01-01,952.6666666666666
USA,1944-04-01,1111.3333333333333
USA,1944-07-01,1030.0
USA,1944-10-01,1001.6666666666666
USA,1945-01-01,846.0
USA,1945-04-01,677.3333333333334
USA,1945-07-01,618.6666666666666
USA,1945-10-01,475.3333333333333
USA,1946-01-01,399.3333333333333
USA,1946-04-01,390.3333333333333
USA,1946-07-01,390.0
USA,1946-10-01,359.3333333333333
USA,1947-01-01,330.6666666666667
USA,1947-04-01,299.0
USA,1947-07-01,340.6666666666667
USA,1947-10-01,297.0
USA,1948-01-01,356.6666666666667
USA,1948-04-01,393.0
USA,1948-07-01,389.0
USA,1948-10-01,364.0
USA,1949-01-01,297.6666666666667
USA,1949-04-01,306.6666666666667
USA,1949-07-01,291.0
USA,1949-10-01,260.6666666666667
USA,1950-01-01,290.6666666666667
USA,1950-04-01,313.3333333333333
USA,1950-07-01,778.6666666666666
USA,1950-10-01,636.0
USA,1951-01-01,630.3333333333334
USA,1951-04-01,567.0
USA,1951-07-01,455.6666666666667
USA,1951-10-01,500.3333333333333
USA,1952-01-01,407.0
USA,1952-04-01,378.3333333333333
USA,1952-07-01,306.0
USA,1952-10-01,348.0
USA,1953-01-01,385.6666666666667
USA,1953-04-01,389.0
USA,1953-07-01,329.3333333333333
USA,1953-10-01,294.0
USA,1954-01-01,291.0
USA,1954-04-01,379.0
USA,1954-07-01,279.3333333333333
USA,1954-10-01,264.6666666666667
USA,1955-01-01,361.6666666666667
USA,1955-04-01,293.6666666666667
USA,1955-07-01,256.0
USA,1955-10-01,274.6666666666667
USA,1956-01-01,355.3333333333333
USA,1956-04-01,288.0
USA,1956-07-01,302.3333333333333
USA,1956-10-01,449.0
USA,1957-01-01,356.6666666666667
USA,1957-04-01,351.0
USA,1957-07-01,281.0
USA,1957-10-01,373.6666666666667
USA,1958-01-01,357.3333333333333
USA,1958-04-01,392.0
USA,1958-07-01,450.6666666666667
USA,1958-10-01,310.0
USA,1959-01-01,283.0
USA,1959-04-01,295.0
USA,1959-07-01,267.6666666666667
USA,1959-10-01,233.0
USA,1960-01-01,261.6666666666667
USA,1960-04-01,319.6666666666667
USA,1960-07-01,312.0
USA,1960-10-01,315.6666666666667
USA,1961-01-01,288.3333333333333
USA,1961-04-01,402.6666666666667
USA,1961-07-01,525.6666666666666
USA,1961-10-01,466.3333333333333
USA,1962-01-01,395.0
USA,1962-04-01,384.0
USA,1962-07-01,331.3333333333333
USA,1962-10-01,619.6666666666666
USA,1963-01-01,344.3333333333333
USA,1963-04-01,378.6666666666667
USA,1963-07-01,494.3333333333333
USA,1963-10-01,355.3333333333333
USA,1964-01-01,293.0
USA,1964-04-01,303.6666666666667
USA,1964-07-01,396.3333333333333
USA,1964-10-01,349.6666666666667
USA,1965-01-01,277.3333333333333
USA,1965-04-01,353.3333333333333
USA,1965-07-01,396.6666666666667
USA,1965-10-01,377.3333333333333
USA,1966-01-01,374.6666666666667
USA,1966-04-01,337.0
USA,1966-07-01,333.0
USA,1966-10-01,342.3333333333333
USA,1967-01-01,345.6666666666667
USA,1967-04-01,494.3333333333333
USA,1967-07-01,432.0
USA,1967-10-01,384.3333333333333
USA,1968-01-01,448.0
USA,1968-04-01,327.6666666666667
USA,1968-07-01,399.3333333333333
USA,1968-10-01,320.6666666666667
USA,1969-01-01,399.0
USA,1969-04-01,337.0
USA,1969-07-01,312.0
USA,1969-10-01,335.6666666666667
USA,1970-01-01,347.6666666666667
USA,1970-04-01,376.0
USA,1970-07-01,457.3333333333333
USA,1970-10-01,304.3333333333333
USA,1971-01-01,314.3333333333333
USA,1971-04-01,274.0
USA,1971-07-01,286.0
USA,1971-10-01,333.0
USA,1972-01-01,269.3333333333333
USA,1972-04-01,387.6666666666667
USA,1972-07-01,279.3333333333333
USA,1972-10-01,248.66666666666666
USA,1973-01-01,220.66666666666666
USA,1973-04-01,232.0
USA,1973-07-01,239.33333333333334
USA,1973-10-01,419.3333333333333
USA,1974-01-01,264.3333333333333
USA,1974-04-01,236.33333333333334
USA,1974-07-01,250.0
USA,1974-10-01,246.66666666666666
USA,1975-01-01,302.0
USA,1975-04-01,286.3333333333333
USA,1975-07-01,299.6666666666667
USA,1975-10-01,231.33333333333334
USA,1976-01-01,233.33333333333334
USA,1976-04-01,242.66666666666666
USA,1976-07-01,272.0
USA,1976-10-01,224.33333333333334
USA,1977-01-01,217.33333333333334
USA,1977-04-01,275.3333333333333
USA,1977-07-01,261.0
USA,1977-10-01,261.0
USA,1978-01-01,298.3333333333333
USA,1978-04-01,357.3333333333333
USA,1978-07-01,197.0
USA,1978-10-01,222.33333333333334
USA,1979-01-01,314.3333333333333
USA,1979-04-01,334.6666666666667
USA,1979-07-01,276.3333333333333
USA,1979-10-01,343.3333333333333
USA,1980-01-01,433.6666666666667
USA,1980-04-01,371.0
USA,1980-07-01,291.0
USA,1980-10-01,395.3333333333333
USA,1981-01-01,346.6666666666667
USA,1981-04-01,396.3333333333333
USA,1981-07-01,318.6666666666667
USA,1981-10-01,435.3333333333333
USA,1982-01-01,415.0
USA,1982-04-01,629.3333333333334
USA,1982-07-01,389.6666666666667
USA,1982-10-01,380.3333333333333
USA,1983-01-01,354.6666666666667
USA,1983-04-01,411.3333333333333
USA,1983-07-01,422.3333333333333
USA,1983-10-01,559.0
USA,1984-01-01,411.0
USA,1984-04-01,439.6666666666667
USA,1984-07-01,315.3333333333333
USA,1984-10-01,346.6666666666667
USA,1985-01-01,338.3333333333333
USA,1985-04-01,382.0
USA,1985-07-01,324.6666666666667
USA,1985-10-01,351.6666666666667
USA,1986-01-01,344.0
USA,1986-04-01,403.0
USA,1986-07-01,333.0
USA,1986-10-01,361.6666666666667
USA,1987-01-01,283.6666666666667
USA,1987-04-01,313.3333333333333
USA,1987-07-01,333.3333333333333
USA,1987-10-01,343.0
USA,1988-01-01,302.3333333333333
USA,1988-04-01,323.6666666666667
USA,1988-07-01,255.33333333333334
USA,1988-10-01,249.66666666666666
USA,1989-01-01,297.3333333333333
USA,1989-04-01,309.6666666666667
USA,1989-07-01,296.6666666666667
USA,1989-10-01,321.6666666666667
USA,1990-01-01,260.0
USA,1990-04-01,280.3333333333333
USA,1990-07-01,507.3333333333333
USA,1990-10-01,483.6666666666667
USA,1991-01-01,766.3333333333334
USA,1991-04-01,301.0
USA,1991-07-01,344.3333333333333
USA,1991-10-01,321.0
USA,1992-01-01,288.3333333333333
USA,1992-04-01,298.6666666666667
USA,1992-07-01,260.3333333333333
USA,1992-10-01,273.6666666666667
USA,1993-01-01,330.6666666666667
USA,1993-04-01,344.3333333333333
USA,1993-07-01,320.3333333333333
USA,1993-10-01,308.0
USA,1994-01-01,333.0
USA,1994-04-01,366.0
USA,1994-07-01,312.3333333333333
USA,1994-10-01,310.3333333333333
USA,1995-01-01,238.0
USA,1995-04-01,303.0
USA,1995-07-01,262.3333333333333
USA,1995-10-01,216.66666666666666
USA,1996-01-01,227.0
USA,1996-04-01,191.33333333333334
USA,1996-07-01,227.66666666666666
USA,1996-10-01,168.66666666666666
USA,1997-01-01,142.33333333333334
USA,1997-04-01,140.33333333333334
USA,1997-07-01,121.66666666666667
USA,1997-10-01,164.66666666666666
USA,1998-01-01,193.33333333333334
USA,1998-04-01,231.66666666666666
USA,1998-07-01,243.0
USA,1998-10-01,213.0
USA,1999-01-01,227.33333333333334
USA,1999-04-01,307.0
USA,1999-07-01,192.33333333333334
USA,1999-10-01,240.66666666666666
USA,2000-01-01,201.66666666666666
USA,2000-04-01,208.0
USA,2000-07-01,167.33333333333334
USA,2000-10-01,208.33333333333334
USA,2001-01-01,174.0
USA,2001-04-01,206.0
USA,2001-07-01,602.3333333333334
USA,2001-10-01,1147.0
USA,2002-01-01,552.0
USA,2002-04-01,524.6666666666666
USA,2002-07-01,426.0
USA,2002-10-01,566.3333333333334
USA,2003-01-01,869.6666666666666
USA,2003-04-01,761.6666666666666
USA,2003-07-01,508.3333333333333
USA,2003-10-01,478.3333333333333
USA,2004-01-01,470.6666666666667
USA,2004-04-01,545.3333333333334
USA,2004-07-01,576.0
USA,2004-10-01,465.3333333333333
USA,2005-01-01,376.6666666666667
USA,2005-04-01,357.6666666666667
USA,2005-07-01,449.0
USA,2005-10-01,349.3333333333333
USA,2006-01-01,359.6666666666667
USA,2006-04-01,344.6666666666667
USA,2006-07-01,445.3333333333333
USA,2006-10-01,365.6666666666667
USA,2007-01-01,367.0
USA,2007-04-01,316.0
USA,2007-07-01,345.3333333333333
USA,2007-10-01,338.0
USA,2008-01-01,289.6666666666667
USA,2008-04-01,253.66666666666666
USA,2008-07-01,285.6666666666667
USA,2008-10-01,228.66666666666666
USA,2009-01-01,206.0
USA,2009-04-01,238.33333333333334
USA,2009-07-01,217.0
USA,2009-10-01,253.33333333333334
USA,2010-01-01,221.0
USA,2010-04-01,262.3333333333333
USA,2010-07-01,203.66666666666666
USA,2010-10-01,222.66666666666666
USA,2011-01-01,235.0
USA,2011-04-01,246.0
USA,2011-07-01,203.66666666666666
USA,2011-10-01,206.66666666666666
USA,2012-01-01,218.0
USA,2012-04-01,200.33333333333334
USA,2012-07-01,193.66666666666666
USA,2012-10-01,208.0
USA,2013-01-01,200.0
USA,2013-04-01,230.0
USA,2013-07-01,214.66666666666666
USA,2013-10-01,206.0
USA,2014-01-01,226.0
USA,2014-04-01,226.66666666666666
USA,2014-07-01,288.6666666666667
USA,2014-10-01,202.66666666666666
USA,2015-01-01,254.33333333333334
USA,2015-04-01,214.66666666666666
USA,2015-07-01,239.0
USA,2015-10-01,303.6666666666667
USA,2016-01-01,235.0
USA,2016-04-01,191.33333333333334
USA,2016-07-01,215.66666666666666
USA,2016-10-01,196.66666666666666
USA,2017-01-01,232.33333333333334
USA,2017-04-01,243.33333333333334
USA,2017-07-01,248.33333333333334
USA,2017-10-01,172.0
USA,2018-01-01,165.33333333333334
USA,2018-04-01,198.66666666666666
USA,2018-07-01,158.33333333333334
USA,2018-10-01,143.0
USA,2019-01-01,161.66666666666666
USA,2019-04-01,166.33333333333334
USA,2019-07-01,182.0
USA,2019-10-01,149.33333333333334
USA,2020-01-01,189.0
USA,2020-04-01,166.33333333333334
USA,2020-07-01,144.33333333333334
USA,2020-10-01,130.66666666666666
